Scizor, a red insectoid Pokémon with large metallic pincers, stands in a defensive stance.	https://img.pokemondb.net/artwork/large/scizor.jpg
Mega Scizor, the powered-up form of Scizor, displays its enhanced crimson armor and enlarged, serrated pincers.	https://www.pokemon.com/static-assets/content-assets/cms2/img/pokedex/full/212_f2.png
A water color image of Scizor, a red insectoid Pokémon with black outer circles and yellow inner circles on the pincers, in a neutral stance.	https://oyster.ignimgs.com/mediawiki/apis.ign.com/pokemon-go/9/9c/Scizor.jpg
A digital model of Scizor, a red insectoid Pokémon with its back insect wings out, in an attacking stance.	https://static.wikia.nocookie.net/pokemonunite/images/c/c8/UNITE_Scizor.png/revision/latest?cb=20220929200417
A shiny variant of Scizor, with a green, metallic body and crab like pincers, in a neutral stance.	https://images.gameinfo.io/pokemon/256/p212f175s1.png
A digital model of Scizor, a Pokémon with a three pronged head, on a blue, digital background	https://i.redd.it/edocoxlxzrv91.jpg
A high resolution sprite of a small version of Scizor, a red insectoid Pokémon with black markings on the abdomen	https://img.pokemondb.net/sprites/scarlet-violet/normal/scizor.png
An image of a Scizor, with two pointed, claw like toes on each foot, from the Pokémon anime 	https://static.wikia.nocookie.net/pokemon/images/5/5f/Goh_Scizor.png/revision/latest/scale-to-width-down/1200?cb=20210220044245
An image of Scizor from the Pokémon anime with a gray building in the background	https://archives.bulbagarden.net/media/upload/thumb/5/5f/Goh_Scizor.png/1200px-Goh_Scizor.png
An image of Scizor from the Pokémon anime in a battlefield with a leafy background	https://static.wikia.nocookie.net/pokemon/images/e/ea/Guzma_Scizor.png/revision/latest?cb=20190714195851
A shiny Scizor, recognizable by its green metallic exterior, in a sleeping stance	https://preview.redd.it/gen9-so-scizor-is-gold-now-thanks-to-the-new-metallic-v0-ibjm45j1qh6a1.jpg?width=1080&crop=smart&auto=webp&s=3f233d680fd2ebb122d15204130c0b841463f6ba
A gray trading card of a bug/steel type pokemon, Scizor, with a red metallic exterior, large pincers and outstretched insect wings	https://cdn11.bigcommerce.com/s-ua4dd/images/stencil/1280x1280/products/160645/270969/509919__23954.1692123303.jpg?c=2
A gray trading card of a Shiny Scizor with a white background with a pattern of yellow, hollowed stars	https://product-images.tcgplayer.com/535149.jpg
A shiny Scizor, a green insectoid Pokémon with large metallic pincers, stands in a defensive stance.	https://pokemon.gishan.cc/static/i/pokemon/shiny-scizor.png
A Pokémon with a reflective, red exoskeleton and wings in an attacking stance, known as Scizor	https://static.pokemonpets.com/images/monsters-images-800-800/2212-Shiny-Scizor.webp
A shiny scizor standing in a neutral pose on the left, next to a regular scizor on the right of the screen	https://i.ebayimg.com/images/g/e5UAAOSwaGJjhaal/s-l400.jpg
A Mega Scizor, a stronger form of Scizor with serrated Pincers, stands in an attacking stance against a forest background with its trainer	https://bleedingcool.com/wp-content/uploads/2023/05/EitJnbZXkAAvp2T-1-copy-90-1-1200x675.jpg
A plush of Pokémon number 212, Scizor	https://m.media-amazon.com/images/I/612JfMhfFLL._AC_UF894,1000_QL80_.jpg
A gray trading card of Pokémon 212 rushing towards an opponent	https://www.pojo.com/wp-content/uploads/2020/07/128-scizor-rcl.jpg
A still frame from an anime of a red, armored, bug/steel type pokemon running forward	https://staticg.sportskeeda.com/editor/2021/03/9854b-16165213270825.png?w=640
Mega Scizor, with red pincer tops and white pincer bottoms, standing in front of a realistic, grass background	https://assetsio.gnwcdn.com/Pokemon-Go-Mega-Scizor-header.jpg?width=1200&height=1200&fit=crop&quality=100&format=png&enable=upscale&auto=webp
An enamel pin of Scizor, a red insectoid Pokémon	http://pinswags.com/cdn/shop/products/image_7a0cbfa2-c03c-4a70-b956-87c1e230cbf9.png?v=1647830497
A Pokémon with a red, metallic exoskeleton against a patterned background of red and white squares	https://static.wikia.nocookie.net/supersmashbrosultimate/images/3/3b/Scizor-0.png/revision/latest?cb=20190424130607
A Pokémon with black markings on its abdomen and chest in an attacking pose with a white outline	https://i.etsystatic.com/25857281/r/il/adcede/6140357538/il_570xN.6140357538_1gj3.jpg
Mega Scizor, with markings of a black outer circle and blue inner circle on its pincers, stands in front of a digital forest background	https://static1.thegamerimages.com/wordpress/wp-content/uploads/2023/05/mega-scizor-pokemon-go.jpg
The powerful, bug/steel Pokémon with a red, insectoid body attacking in front of a blue, space like background	https://fmsfalconpress.org/wp-content/uploads/2022/05/Screenshot-2022-05-26-3.34.18-PM.png
The evolved form of Scyther rushes at a target in front of a black, moving background	https://wallpapercave.com/wp/EPgaK0r.jpg
Scizor in a traditional Japanese hat holding two katanas in a digital bamboo forest	https://s1.zerochan.net/Scizor.600.3807683.jpg
A shiny Scizor standing next to a shiny Mega Scizor, both with lime green, metallic exteriors, with the Pokémon Go logo in the top left	https://static0.gamerantimages.com/wordpress/wp-content/uploads/2023/11/shiny-scizor-and-shiny-mega-scizor-in-pokemon-go.jpg
A silver trading card with a full art of a shiny Pokémon, with markings on its pincers that are light blue external circles with a yellow inner circle	https://product-images.tcgplayer.com/197826.jpg
The mega evolution form of Pokémon 212 in front a white and black background, posing with its right pincer forward	https://static.pokemonpets.com/images/monsters-images-800-800/8212-Mega-Scizor.webp
A fanmade artwork of the evolution of Scyther when traded with a metal coat	https://pokestop.io/img/pokemon/scizor-256x256.png
A full body trading card with artwork of Pokémon 212 with another Scizor in the background	https://www.pikawiz.com/images/obsidianflames/SV3_205_en.png
A pixel sprite of the red, armored bug/steel type Pokémon	https://ifd-spaces.sfo2.digitaloceanspaces.com/sprites/base/212.png
A plastic figureine on a clear stand of Scizor	https://cdn11.bigcommerce.com/s-se76uaubob/images/stencil/1280x1280/products/2929/26306/Screenshot_2024-06-08_163107__56140.1717889587.png?c=2
A Youtube thumbnail with the words "Complete History Gon's Scizor" in the bottom left with a picture of Scizor from the anime	https://i.ytimg.com/vi/fLgQdrKKIyc/sddefault.jpg
Mega Scizor, a stronger version of Scizor with black, samurai like armor on the head and legs, on a black background	https://images.gameinfo.io/pokemon/256/p212f683.png
A custom, digital image of a Shiny scizor standing in the left part of the image and a normal Scizor with a headband in the right part of the image	https://www.smogon.com/articles/images/uu-spotlight-scizor.png
A special, silver EX trading card with an armored, red insectoid Pokémon attacking with its wings out	https://i.ebayimg.com/images/g/g7MAAOSwVORls2Hf/s-l1200.webp
The powered up form of the red, insectoid Pokémon standing in front of an artificial forest background	https://static1.srcdn.com/wordpress/wp-content/uploads/2022/08/Pokemon-Go-Mega-Scizor.jpg
A pixelated sprite of a red, insectoid Pokémon with black lines on the abdomen and outstretched backwings	https://www.pokemoncenter.com/images/DAMRoot/High/10000/P9889_710E11538_01.jpg
A reflective, high quality model of a Scizor on a white background with grass at its feet	https://i.pinimg.com/736x/3c/51/e3/3c51e3d2387e5cea9acf1bd2c1219342.jpg
Three Pokémon, from left to right, Scizor, Mega Scizor, and Scyther	https://fbi.cults3d.com/uploaders/14973313/illustration-file/183804fb-82f0-45e9-ba48-95e4875eed4e/Scizor4.jpg
A powerful, red, bug/steel Pokémon in a neutral stance	https://dev.pokemonunite.gg/res/img/pkmn/212.png
A green, trading card with a red, bug/steel Pokémon in the artwork	https://pkmncards.com/wp-content/uploads/scizor-stormfront-sf-25.jpg
A scizor jumping upwards, with its wings tucked in, behind a green and yellow moving background	https://oyster.ignimgs.com/mediawiki/apis.ign.com/pokedex/c/c1/Gary_Scizor.png
A holographic, gray trading card with a powerful, red Pokémon with marked Pincers and a three pronged head	https://images.production.sportscardinvestor.com/2261_8465_10_10_75
An picture from the Pokémon games with text on the left hand side of the screen and a lime green, metallic bug/steel Pokémon on the right hand side of the screen	https://pokemon4ever.org/cdn/shop/products/29149446799422.jpg?v=1675961097&width=1445
A stylized artwork of a Scizor on the left of the screen and a Scyther, the pre-evolution of Scizor, on the right hand side of the screen	https://images-wixmp-ed30a86b8c4ca887773594c2.wixmp.com/f/c3349bc4-7f8a-4742-bd15-24d8b3b16e6c/df36sh7-68c4150e-8689-439c-b092-6035263cba3a.png?token=eyJ0eXAiOiJKV1QiLCJhbGciOiJIUzI1NiJ9.eyJzdWIiOiJ1cm46YXBwOjdlMGQxODg5ODIyNjQzNzNhNWYwZDQxNWVhMGQyNmUwIiwiaXNzIjoidXJuOmFwcDo3ZTBkMTg4OTgyMjY0MzczYTVmMGQ0MTVlYTBkMjZlMCIsIm9iaiI6W1t7InBhdGgiOiJcL2ZcL2MzMzQ5YmM0LTdmOGEtNDc0Mi1iZDE1LTI0ZDhiM2IxNmU2Y1wvZGYzNnNoNy02OGM0MTUwZS04Njg5LTQzOWMtYjA5Mi02MDM1MjYzY2JhM2EucG5nIn1dXSwiYXVkIjpbInVybjpzZXJ2aWNlOmZpbGUuZG93bmxvYWQiXX0.6NbUmMSSI7eo6FsAt94xU0oko0UPY9R3vU-qs-vX9zw
A low resolution model of a mega version of a lime green, metallic, insectoid Pokémon with serrated pincers	https://images.gameinfo.io/pokemon/256/p212f683s1.webp
A close up image of Scizor in a three-quarters profile from the Pokémon anime	https://imgix.ranker.com/list_img_v2/3854/2843854/original/best-scizor-nicknames?fit=crop&fm=pjpg&q=80&dpr=2&w=1200&h=720
A minimalist wallpaper of a powerful Pokémon with a red, metallic body, black abdomen and chest markings and insect wings	https://pokewalls.wordpress.com/wp-content/uploads/2011/11/212scizor1920x1200.jpg?w=400
A fan art of a red, bipedal, insectoid Pokémon with small backwings standing next to its mega evolution and its preevolution in a bamboo background	https://favorgk.com/wp-content/uploads/2023/03/%E5%BE%AE%E4%BF%A1%E5%9B%BE%E7%89%87_202303151624344.jpg
A model of a red Pokémon with small insect wings, large pincers and clawed toes in a neutral position	https://www.serebii.net/scarletviolet/pokemon/212-f.png
An image of a lime green insectoid Pokémon in its mega form against a nighttime background, with Pokémon GO written in the top right	https://staticg.sportskeeda.com/editor/2023/05/b89b5-16830722000941-1920.jpg?w=640
A silver trading card of Pokémon 212 against a shining background with gold and white light rays	https://product-images.tcgplayer.com/219305.jpg
A fan art of Pokémon 212 filing their pincers in a workshop	https://preview.redd.it/scizor-fanart-v0-44b9bo47gzs81.jpg?width=640&crop=smart&auto=webp&s=1ae6372673a4e0ba295ca4d92db85aca96e927d4
A watercolor drawing of an insectoid Pokémon with large pincers and three prongs on its head	http://th09.deviantart.net/fs70/PRE/i/2013/342/c/f/pokeddexy__day_1___212_scizor_by_reiki_kun-d6x9qk3.png
An ingame screen shot of a metallic insectoid Pokémon against a grassy background with a tree in the distance and lime green text at the top left	https://img.game8.co/3628676/b8fcf1e5e32dd76cef33725fdc5139cf.png/show
A full art, silver and black, trading card of a red, metallic Pokémon with insect wings in an attacking pose with glowing ribbons coming from its pincers	https://m.media-amazon.com/images/I/81dKXwcRhnL._AC_UF894,1000_QL80_.jpg
A plush of a red, insectoid Pokémon with three prongs on its head	http://ichiba-japan.com/cdn/shop/products/scizor-plush-pokemon-fit-plush-pokemon-center-951404_1200x1200.jpg?v=1645069939
A side profile shot of a red, metallic Pokémon with three prongs on its head and insect wings	https://www.charlieintel.com/cdn-image/wp-content/uploads/2024/04/03/pokemon-scizor.jpeg?width=3840&quality=60&format=auto
An image of an insectoid Pokémon in front of a farming background with a farmer and another Pokémon in the background	https://static1.srcdn.com/wordpress/wp-content/uploads/2022/02/Pok--mon-Legends-Arceus-How-To-Get-Scizor.jpg
A fan image of a Scyther next to a stylized Mega Scizor with larger, bird like wings and a normal Scizor against a forest background	http://pokemonsw.com/cdn/shop/files/bff03c6035f152b2e80f0ffa7dfa289.jpg?v=1700090129
A gray trading card of a Scizor, with its large pincers and insect wings, against a dark shadowy background with the moon in the background.	https://ettingames.com/cdn/shop/products/5bb1ca5d-8be2-4d3b-86e5-7b07be268d37_800x.png?v=1696339325
A low quality crop of mega Pokémon with a red, metallic body and accentuated black armor against a black and white background	https://images-wixmp-ed30a86b8c4ca887773594c2.wixmp.com/f/fc035513-3071-4046-badf-b90f33378088/d8oulit-d830e2c5-aa48-44dc-a35a-8aab34053a3c.png?token=eyJ0eXAiOiJKV1QiLCJhbGciOiJIUzI1NiJ9.eyJzdWIiOiJ1cm46YXBwOjdlMGQxODg5ODIyNjQzNzNhNWYwZDQxNWVhMGQyNmUwIiwiaXNzIjoidXJuOmFwcDo3ZTBkMTg4OTgyMjY0MzczYTVmMGQ0MTVlYTBkMjZlMCIsIm9iaiI6W1t7InBhdGgiOiJcL2ZcL2ZjMDM1NTEzLTMwNzEtNDA0Ni1iYWRmLWI5MGYzMzM3ODA4OFwvZDhvdWxpdC1kODMwZTJjNS1hYTQ4LTQ0ZGMtYTM1YS04YWFiMzQwNTNhM2MucG5nIn1dXSwiYXVkIjpbInVybjpzZXJ2aWNlOmZpbGUuZG93bmxvYWQiXX0.Czls7uWp9iRcBZtQi1YVYawW6UpTh0-RExmTu6atB_M
A Pokémon with 3 prongs on its head, insectoid wings and large metallic pincers against a blue sky with the words "Pokémon Unite" in the top left	https://unite.pokemon.com/images/news/articles/the-pincer-pokemon-scizor-is-now-available-in-pokemon-unite/cover.jpg
A Scizor wearing a white and gold cloak with a Pokéball symbol on the hood, a gold clip across the chest and a navy blue cloth at the waist	https://www.serebii.net/pokemonunite/pokemon/holowear/212-ranger.png